-- phpMyAdmin SQL Dump
-- version 5.0.4
-- https://www.phpmyadmin.net/
--
-- Host: localhost:3306
-- Generation Time: Mar 31, 2021 at 08:36 AM
-- Server version: 8.0.22
-- PHP Version: 8.0.0

SET SQL_MODE = "NO_AUTO_VALUE_ON_ZERO";
START TRANSACTION;
SET time_zone = "+00:00";


/*!40101 SET @OLD_CHARACTER_SET_CLIENT=@@CHARACTER_SET_CLIENT */;
/*!40101 SET @OLD_CHARACTER_SET_RESULTS=@@CHARACTER_SET_RESULTS */;
/*!40101 SET @OLD_COLLATION_CONNECTION=@@COLLATION_CONNECTION */;
/*!40101 SET NAMES utf8mb4 */;

--
-- Database: `sms_db`
--

-- --------------------------------------------------------

--
-- Table structure for table `auth_group`
--

CREATE TABLE `auth_group` (
  `id` int NOT NULL,
  `name` varchar(150) COLLATE utf8mb4_general_ci NOT NULL
) ENGINE=InnoDB DEFAULT CHARSET=utf8mb4 COLLATE=utf8mb4_general_ci;

-- --------------------------------------------------------

--
-- Table structure for table `auth_group_permissions`
--

CREATE TABLE `auth_group_permissions` (
  `id` int NOT NULL,
  `group_id` int NOT NULL,
  `permission_id` int NOT NULL
) ENGINE=InnoDB DEFAULT CHARSET=utf8mb4 COLLATE=utf8mb4_general_ci;

-- --------------------------------------------------------

--
-- Table structure for table `auth_permission`
--

CREATE TABLE `auth_permission` (
  `id` int NOT NULL,
  `name` varchar(255) COLLATE utf8mb4_general_ci NOT NULL,
  `content_type_id` int NOT NULL,
  `codename` varchar(100) COLLATE utf8mb4_general_ci NOT NULL
) ENGINE=InnoDB DEFAULT CHARSET=utf8mb4 COLLATE=utf8mb4_general_ci;

--
-- Dumping data for table `auth_permission`
--

INSERT INTO `auth_permission` (`id`, `name`, `content_type_id`, `codename`) VALUES
(1, 'Can add log entry', 1, 'add_logentry'),
(2, 'Can change log entry', 1, 'change_logentry'),
(3, 'Can delete log entry', 1, 'delete_logentry'),
(4, 'Can view log entry', 1, 'view_logentry'),
(5, 'Can add permission', 2, 'add_permission'),
(6, 'Can change permission', 2, 'change_permission'),
(7, 'Can delete permission', 2, 'delete_permission'),
(8, 'Can view permission', 2, 'view_permission'),
(9, 'Can add group', 3, 'add_group'),
(10, 'Can change group', 3, 'change_group'),
(11, 'Can delete group', 3, 'delete_group'),
(12, 'Can view group', 3, 'view_group'),
(13, 'Can add user', 4, 'add_user'),
(14, 'Can change user', 4, 'change_user'),
(15, 'Can delete user', 4, 'delete_user'),
(16, 'Can view user', 4, 'view_user'),
(17, 'Can add content type', 5, 'add_contenttype'),
(18, 'Can change content type', 5, 'change_contenttype'),
(19, 'Can delete content type', 5, 'delete_contenttype'),
(20, 'Can view content type', 5, 'view_contenttype'),
(21, 'Can add session', 6, 'add_session'),
(22, 'Can change session', 6, 'change_session'),
(23, 'Can delete session', 6, 'delete_session'),
(24, 'Can view session', 6, 'view_session');

-- --------------------------------------------------------

--
-- Table structure for table `auth_user`
--

CREATE TABLE `auth_user` (
  `id` int NOT NULL,
  `password` varchar(128) COLLATE utf8mb4_general_ci NOT NULL,
  `last_login` datetime(6) DEFAULT NULL,
  `is_superuser` tinyint(1) NOT NULL,
  `username` varchar(150) COLLATE utf8mb4_general_ci NOT NULL,
  `first_name` varchar(150) COLLATE utf8mb4_general_ci NOT NULL,
  `last_name` varchar(150) COLLATE utf8mb4_general_ci NOT NULL,
  `email` varchar(254) COLLATE utf8mb4_general_ci NOT NULL,
  `is_staff` tinyint(1) NOT NULL,
  `is_active` tinyint(1) NOT NULL,
  `date_joined` datetime(6) NOT NULL
) ENGINE=InnoDB DEFAULT CHARSET=utf8mb4 COLLATE=utf8mb4_general_ci;

-- --------------------------------------------------------

--
-- Table structure for table `auth_user_groups`
--

CREATE TABLE `auth_user_groups` (
  `id` int NOT NULL,
  `user_id` int NOT NULL,
  `group_id` int NOT NULL
) ENGINE=InnoDB DEFAULT CHARSET=utf8mb4 COLLATE=utf8mb4_general_ci;

-- --------------------------------------------------------

--
-- Table structure for table `auth_user_user_permissions`
--

CREATE TABLE `auth_user_user_permissions` (
  `id` int NOT NULL,
  `user_id` int NOT NULL,
  `permission_id` int NOT NULL
) ENGINE=InnoDB DEFAULT CHARSET=utf8mb4 COLLATE=utf8mb4_general_ci;

-- --------------------------------------------------------

--
-- Table structure for table `django_admin_log`
--

CREATE TABLE `django_admin_log` (
  `id` int NOT NULL,
  `action_time` datetime(6) NOT NULL,
  `object_id` longtext COLLATE utf8mb4_general_ci,
  `object_repr` varchar(200) COLLATE utf8mb4_general_ci NOT NULL,
  `action_flag` smallint UNSIGNED NOT NULL,
  `change_message` longtext COLLATE utf8mb4_general_ci NOT NULL,
  `content_type_id` int DEFAULT NULL,
  `user_id` int NOT NULL
) ;

-- --------------------------------------------------------

--
-- Table structure for table `django_content_type`
--

CREATE TABLE `django_content_type` (
  `id` int NOT NULL,
  `app_label` varchar(100) COLLATE utf8mb4_general_ci NOT NULL,
  `model` varchar(100) COLLATE utf8mb4_general_ci NOT NULL
) ENGINE=InnoDB DEFAULT CHARSET=utf8mb4 COLLATE=utf8mb4_general_ci;

--
-- Dumping data for table `django_content_type`
--

INSERT INTO `django_content_type` (`id`, `app_label`, `model`) VALUES
(1, 'admin', 'logentry'),
(3, 'auth', 'group'),
(2, 'auth', 'permission'),
(4, 'auth', 'user'),
(5, 'contenttypes', 'contenttype'),
(6, 'sessions', 'session');

-- --------------------------------------------------------

--
-- Table structure for table `django_migrations`
--

CREATE TABLE `django_migrations` (
  `id` int NOT NULL,
  `app` varchar(255) COLLATE utf8mb4_general_ci NOT NULL,
  `name` varchar(255) COLLATE utf8mb4_general_ci NOT NULL,
  `applied` datetime(6) NOT NULL
) ENGINE=InnoDB DEFAULT CHARSET=utf8mb4 COLLATE=utf8mb4_general_ci;

--
-- Dumping data for table `django_migrations`
--

INSERT INTO `django_migrations` (`id`, `app`, `name`, `applied`) VALUES
(1, 'contenttypes', '0001_initial', '2021-03-30 12:54:22.086393'),
(2, 'auth', '0001_initial', '2021-03-30 12:54:27.742570'),
(3, 'admin', '0001_initial', '2021-03-30 12:54:44.782217'),
(4, 'admin', '0002_logentry_remove_auto_add', '2021-03-30 12:54:48.751202'),
(5, 'admin', '0003_logentry_add_action_flag_choices', '2021-03-30 12:54:48.914512'),
(6, 'contenttypes', '0002_remove_content_type_name', '2021-03-30 12:54:52.739957'),
(7, 'auth', '0002_alter_permission_name_max_length', '2021-03-30 12:54:55.092900'),
(8, 'auth', '0003_alter_user_email_max_length', '2021-03-30 12:54:55.523504'),
(9, 'auth', '0004_alter_user_username_opts', '2021-03-30 12:54:55.661880'),
(10, 'auth', '0005_alter_user_last_login_null', '2021-03-30 12:54:57.537834'),
(11, 'auth', '0006_require_contenttypes_0002', '2021-03-30 12:54:57.676228'),
(12, 'auth', '0007_alter_validators_add_error_messages', '2021-03-30 12:54:57.847146'),
(13, 'auth', '0008_alter_user_username_max_length', '2021-03-30 12:54:59.834954'),
(14, 'auth', '0009_alter_user_last_name_max_length', '2021-03-30 12:55:02.131740'),
(15, 'auth', '0010_alter_group_name_max_length', '2021-03-30 12:55:02.519353'),
(16, 'auth', '0011_update_proxy_permissions', '2021-03-30 12:55:02.693344'),
(17, 'auth', '0012_alter_user_first_name_max_length', '2021-03-30 12:55:04.918261'),
(18, 'sessions', '0001_initial', '2021-03-30 12:55:06.053913');

-- --------------------------------------------------------

--
-- Table structure for table `django_session`
--

CREATE TABLE `django_session` (
  `session_key` varchar(40) COLLATE utf8mb4_general_ci NOT NULL,
  `session_data` longtext COLLATE utf8mb4_general_ci NOT NULL,
  `expire_date` datetime(6) NOT NULL
) ENGINE=InnoDB DEFAULT CHARSET=utf8mb4 COLLATE=utf8mb4_general_ci;

-- --------------------------------------------------------

--
-- Table structure for table `file_uploaded`
--

CREATE TABLE `file_uploaded` (
  `id` int NOT NULL,
  `filename` varchar(50) COLLATE utf8mb4_general_ci NOT NULL,
  `titlename` varchar(50) COLLATE utf8mb4_general_ci NOT NULL,
  `date_created` datetime(6) NOT NULL,
  `last_modified` datetime(6) NOT NULL
) ENGINE=InnoDB DEFAULT CHARSET=utf8mb4 COLLATE=utf8mb4_general_ci;

-- --------------------------------------------------------

--
-- Table structure for table `result_tbl`
--

CREATE TABLE `result_tbl` (
  `id` int NOT NULL,
  `surname` varchar(50) COLLATE utf8mb4_general_ci NOT NULL,
  `firstname` varchar(50) COLLATE utf8mb4_general_ci NOT NULL,
  `othername` varchar(50) COLLATE utf8mb4_general_ci NOT NULL,
  `matric` varchar(50) COLLATE utf8mb4_general_ci NOT NULL,
  `levelName` varchar(50) COLLATE utf8mb4_general_ci NOT NULL,
  `semester` varchar(50) COLLATE utf8mb4_general_ci NOT NULL,
  `phone` varchar(50) COLLATE utf8mb4_general_ci NOT NULL,
  `courses` text COLLATE utf8mb4_general_ci NOT NULL,
  `gpa` varchar(50) COLLATE utf8mb4_general_ci NOT NULL,
  `cgpa` varchar(50) COLLATE utf8mb4_general_ci NOT NULL,
  `program_type` varchar(50) COLLATE utf8mb4_general_ci NOT NULL,
  `others` text COLLATE utf8mb4_general_ci,
  `date_created` datetime(6) NOT NULL,
  `last_modified` datetime(6) NOT NULL
) ENGINE=InnoDB DEFAULT CHARSET=utf8mb4 COLLATE=utf8mb4_general_ci;

--
-- Dumping data for table `result_tbl`
--

INSERT INTO `result_tbl` (`id`, `surname`, `firstname`, `othername`, `matric`, `levelName`, `semester`, `phone`, `courses`, `gpa`, `cgpa`, `program_type`, `others`, `date_created`, `last_modified`) VALUES
(1, 'AKOH', 'JEREMIAH', 'OMACHONU', 'P/HD/17/3210001', 'HND 3', 'FIRST SEMESTER', '07041320923', 'COM311: A1, COM312: B2, STA314: C2, GNS301: C6, MTH311:B2, STA311:A2, STA321:B1, STA411: C5', '3.41', '3.41', 'Part time', NULL, '2021-03-31 07:43:26.392135', '2021-03-31 07:43:26.392141'),
(2, 'KOLAWOLE', 'TAIWO', 'O', 'P/HD/17/3210002', 'HND 3', 'FIRST SEMESTER', '08088464448', 'COM311: A1, COM312: B2, STA314: C2, GNS301: C6, MTH311:B2, STA311:A2, STA321:B1, STA411: C6', '3.11', '3.11', 'Part time', NULL, '2021-03-31 07:43:26.512156', '2021-03-31 07:43:26.512165'),
(3, 'ELESINMOGUN', 'SUNDAY', 'A.', 'P/HD/17/3210003', 'HND 3', 'FIRST SEMESTER', '08172790181', 'COM311: A1, COM312: B2, STA314: C2, GNS301: C6, MTH311:B2, STA311:A2, STA321:B1, STA411: C7', '3.21', '3.21', 'Part time', NULL, '2021-03-31 07:43:26.689875', '2021-03-31 07:43:26.689885'),
(4, 'MURITALA', 'MUSA', 'OLOYEDE', 'P/HD/17/3210004', 'HND 3', 'FIRST SEMESTER', '08136696383', 'COM311: A1, COM312: B2, STA314: C2, GNS301: C6, MTH311:B2, STA311:A2, STA321:B1, STA411: C8', '3.42', '3.42', 'Part time', NULL, '2021-03-31 07:43:27.012294', '2021-03-31 07:43:27.012304'),
(5, 'ABUDU', 'MICHAEL', 'LOKOSSU', 'P/HD/17/3210005', 'HND 3', 'FIRST SEMESTER', '08189726926', 'COM311: A1, COM312: B2, STA314: C2, GNS301: C6, MTH311:B2, STA311:A2, STA321:B1, STA411: C9', '2.41', '2.41', 'Part time', NULL, '2021-03-31 07:43:27.111885', '2021-03-31 07:43:27.111892'),
(6, 'AZEEZ', 'ISLAMIYAT', 'TITILAYO', 'P/HD/17/3210006', 'HND 3', 'FIRST SEMESTER', '08136174091', 'COM311: A1, COM312: B2, STA314: C2, GNS301: C6, MTH311:B2, STA311:A2, STA321:B1, STA411: C10', '2.31', '2.31', 'Part time', NULL, '2021-03-31 07:43:27.189760', '2021-03-31 07:43:27.189770'),
(7, 'OMONIYI', 'EZEKIEL', 'OLATUNDE', 'P/HD/17/3210007', 'HND 3', 'FIRST SEMESTER', '08169779152', 'COM311: A1, COM312: B2, STA314: C2, GNS301: C6, MTH311:B2, STA311:A2, STA321:B1, STA411: C11', '3.41', '3.41', 'Part time', NULL, '2021-03-31 07:43:27.312647', '2021-03-31 07:43:27.312657'),
(8, 'OHADIWE', 'EMILIAN', 'OLUCHI', 'P/HD/17/3210008', 'HND 3', 'FIRST SEMESTER', '07064711855', 'COM311: A1, COM312: B2, STA314: C2, GNS301: C6, MTH311:B2, STA311:A2, STA321:B1, STA411: C12', '3.55', '3.55', 'Part time', NULL, '2021-03-31 07:43:27.478830', '2021-03-31 07:43:27.478838'),
(9, 'OKOASE', 'AIGBOSHORIA', 'DAVID', 'P/HD/17/3210009', 'HND 3', 'FIRST SEMESTER', '08026546995', 'COM311: A1, COM312: B2, STA314: C2, GNS301: C6, MTH311:B2, STA311:A2, STA321:B1, STA411: C13', '3.48', '3.48', 'Part time', NULL, '2021-03-31 07:43:27.612333', '2021-03-31 07:43:27.612343'),
(10, 'LAWSON', 'ABIODUN', 'ABDULLAH', 'P/HD/17/3210010', 'HND 3', 'FIRST SEMESTER', '08172836017', 'COM311: A1, COM312: B2, STA314: C2, GNS301: C6, MTH311:B2, STA311:A2, STA321:B1, STA411: C14', '3.41', '3.41', 'Part time', NULL, '2021-03-31 07:43:27.802433', '2021-03-31 07:43:27.802443'),
(11, 'DADA', 'OLAYEMI', 'AKANNI PAUL', 'P/HD/17/3210011', 'HND 3', 'FIRST SEMESTER', '08023369053', 'COM311: A1, COM312: B2, STA314: C2, GNS301: C6, MTH311:B2, STA311:A2, STA321:B1, STA411: C15', '3.41', '3.41', 'Part time', NULL, '2021-03-31 07:43:27.902508', '2021-03-31 07:43:27.902517'),
(12, 'OLADIPUPO', 'ABOSEDE', 'KIKE', 'P/HD/17/3210012', 'HND 3', 'FIRST SEMESTER', '08066557316', 'COM311: A1, COM312: B2, STA314: C2, GNS301: C6, MTH311:B2, STA311:A2, STA321:B1, STA411: C16', '3.41', '3.41', 'Part time', NULL, '2021-03-31 07:43:28.002530', '2021-03-31 07:43:28.002539'),
(13, 'AJOKU', 'MARYJANE', 'CHIWENDU', 'P/HD/17/3210013', 'HND 3', 'FIRST SEMESTER', '09030094276', 'COM311: A1, COM312: B2, STA314: C2, GNS301: C6, MTH311:B2, STA311:A2, STA321:B1, STA411: C17', '3.41', '3.41', 'Part time', NULL, '2021-03-31 07:43:28.102489', '2021-03-31 07:43:28.102498'),
(14, 'ABEGUNDE', 'BUKOLA', 'OLUREMI', 'P/HD/17/3210014', 'HND 3', 'FIRST SEMESTER', '08025481017', 'COM311: A1, COM312: B2, STA314: C2, GNS301: C6, MTH311:B2, STA311:A2, STA321:B1, STA411: C18', '3.41', '3.41', 'Part time', NULL, '2021-03-31 07:43:28.224891', '2021-03-31 07:43:28.224901'),
(15, 'AKOMOLAFE', 'SAMUEL', 'DAMILARE', 'P/HD/17/3210015', 'HND 3', 'FIRST SEMESTER', '08063684337', 'COM311: A1, COM312: B2, STA314: C2, GNS301: C6, MTH311:B2, STA311:A2, STA321:B1, STA411: C19', '3.41', '3.41', 'Part time', NULL, '2021-03-31 07:43:28.371750', '2021-03-31 07:43:28.371759'),
(16, 'CHINMAOBI', 'IHUOMA', 'GOLD', 'P/HD/17/3210016', 'HND 3', 'FIRST SEMESTER', '08064884681', 'COM311: A1, COM312: B2, STA314: C2, GNS301: C6, MTH311:B2, STA311:A2, STA321:B1, STA411: C20', '3.41', '3.41', 'Part time', NULL, '2021-03-31 07:43:28.502474', '2021-03-31 07:43:28.502484'),
(17, 'AZEEZ', 'OMOBOLANLE', 'KAFAYAT', 'P/HD/17/3210017', 'HND 3', 'FIRST SEMESTER', '08130326602', 'COM311: A1, COM312: B2, STA314: C2, GNS301: C6, MTH311:B2, STA311:A2, STA321:B1, STA411: C21', '3.41', '3.41', 'Part time', NULL, '2021-03-31 07:43:28.654726', '2021-03-31 07:43:28.654736'),
(18, 'OKOGBE', 'HENRY', 'CHRISTIAN', 'P/HD/17/3210018', 'HND 3', 'FIRST SEMESTER', '07031897903', 'COM311: A1, COM312: B2, STA314: C2, GNS301: C6, MTH311:B2, STA311:A2, STA321:B1, STA411: C22', '3.41', '3.41', 'Part time', NULL, '2021-03-31 07:43:28.858008', '2021-03-31 07:43:28.858017'),
(19, 'ADELOWO', 'BOLAJI', 'SAMUEL', 'P/HD/17/3210019', 'HND 3', 'FIRST SEMESTER', '08034567659', 'COM311: A1, COM312: B2, STA314: C2, GNS301: C6, MTH311:B2, STA311:A2, STA321:B1, STA411: C23', '3.41', '3.41', 'Part time', NULL, '2021-03-31 07:43:28.959108', '2021-03-31 07:43:28.959118'),
(20, 'ODENIYI', 'OLUMIDE', 'OLALEKAN', 'P/HD/17/3210020', 'HND 3', 'FIRST SEMESTER', '07063685251', 'COM311: A1, COM312: B2, STA314: C2, GNS301: C6, MTH311:B2, STA311:A2, STA321:B1, STA411: C24', '3.41', '3.41', 'Part time', NULL, '2021-03-31 07:43:29.124702', '2021-03-31 07:43:29.124711'),
(21, 'ADABONYAN', 'TEMITOPE', 'CHRISTIANA', 'P/HD/17/3210021', 'HND 3', 'FIRST SEMESTER', '08124425569', 'COM311: A1, COM312: B2, STA314: C2, GNS301: C6, MTH311:B2, STA311:A2, STA321:B1, STA411: C25', '3.41', '3.41', 'Part time', NULL, '2021-03-31 07:43:29.224533', '2021-03-31 07:43:29.224543'),
(22, 'LASISI', 'OWOLABI', 'SUNDAY', 'P/HD/17/3210022', 'HND 3', 'FIRST SEMESTER', '09072091606', 'COM311: A1, COM312: B2, STA314: C2, GNS301: C6, MTH311:B2, STA311:A2, STA321:B1, STA411: C26', '3.41', '3.41', 'Part time', NULL, '2021-03-31 07:43:29.402243', '2021-03-31 07:43:29.402253'),
(23, 'AKWARANDU', 'ONYEDIKACHI', 'CHINEDU', 'P/HD/17/3210023', 'HND 3', 'FIRST SEMESTER', '08025020080', 'COM311: A1, COM312: B2, STA314: C2, GNS301: C6, MTH311:B2, STA311:A2, STA321:B1, STA411: C27', '3.41', '3.41', 'Part time', NULL, '2021-03-31 07:43:29.524255', '2021-03-31 07:43:29.524266'),
(24, 'AJIBOYE', 'OLUWAKEMI ', 'CHRISTIANA', 'P/HD/17/3210024', 'HND 3', 'FIRST SEMESTER', '08159453234', 'COM311: A1, COM312: B2, STA314: C2, GNS301: C6, MTH311:B2, STA311:A2, STA321:B1, STA411: C28', '3.41', '3.41', 'Part time', NULL, '2021-03-31 07:43:29.641473', '2021-03-31 07:43:29.641483'),
(25, 'AJIBOWO', 'CORNELIUS', 'ADEBAYO', 'P/HD/17/3210025', 'HND 3', 'FIRST SEMESTER', '08126781966', 'COM311: A1, COM312: B2, STA314: C2, GNS301: C6, MTH311:B2, STA311:A2, STA321:B1, STA411: C29', '3.41', '3.41', 'Part time', NULL, '2021-03-31 07:43:29.802209', '2021-03-31 07:43:29.802219'),
(26, 'AYENI', 'PRINCESS', 'TIMILEHIN', 'P/HD/17/3210026', 'HND 3', 'FIRST SEMESTER', '08120301470', 'COM311: A1, COM312: B2, STA314: C2, GNS301: C6, MTH311:B2, STA311:A2, STA321:B1, STA411: C30', '3.41', '3.41', 'Part time', NULL, '2021-03-31 07:43:29.935519', '2021-03-31 07:43:29.935527'),
(27, 'EDOGHOGHO', 'PETER', 'NOSAKHARE', 'P/HD/17/3210027', 'HND 3', 'FIRST SEMESTER', '08123471039', 'COM311: A1, COM312: B2, STA314: C2, GNS301: C6, MTH311:B2, STA311:A2, STA321:B1, STA411: C31', '3.41', '3.41', 'Part time', NULL, '2021-03-31 07:43:30.024544', '2021-03-31 07:43:30.024555'),
(28, 'AYELAAGBE', 'TOMIWA', 'TEMITAYO', 'P/HD/17/3210028', 'HND 3', 'FIRST SEMESTER', '08134613122', 'COM311: A1, COM312: B2, STA314: C2, GNS301: C6, MTH311:B2, STA311:A2, STA321:B1, STA411: C32', '3.41', '3.41', 'Part time', NULL, '2021-03-31 07:43:30.246344', '2021-03-31 07:43:30.246353'),
(29, 'OVIOMAIGHO', 'PETER', 'OTHUKE', 'P/HD/17/3210029', 'HND 3', 'FIRST SEMESTER', '08137631003', 'COM311: A1, COM312: B2, STA314: C2, GNS301: C6, MTH311:B2, STA311:A2, STA321:B1, STA411: C33', '3.41', '3.41', 'Part time', NULL, '2021-03-31 07:43:30.368407', '2021-03-31 07:43:30.368417'),
(30, 'ENAKHIFO', 'PATRICK', 'O.', 'P/HD/17/3210030', 'HND 3', 'FIRST SEMESTER', '08101173791', 'COM311: A1, COM312: B2, STA314: C2, GNS301: C6, MTH311:B2, STA311:A2, STA321:B1, STA411: C34', '3.41', '3.41', 'Part time', NULL, '2021-03-31 07:43:30.490636', '2021-03-31 07:43:30.490646'),
(31, 'LAWAL', 'AMIDU', 'OLADIMEJI', 'P/HD/17/3210031', 'HND 3', 'FIRST SEMESTER', '08082526928', 'COM311: A1, COM312: B2, STA314: C2, GNS301: C6, MTH311:B2, STA311:A2, STA321:B1, STA411: C35', '3.41', '3.41', 'Part time', NULL, '2021-03-31 07:43:30.590706', '2021-03-31 07:43:30.590715'),
(32, 'EGBE', 'LOVE', 'MARY', 'P/HD/17/3210032', 'HND 3', 'FIRST SEMESTER', '08138807616', 'COM311: A1, COM312: B2, STA314: C2, GNS301: C6, MTH311:B2, STA311:A2, STA321:B1, STA411: C36', '3.41', '3.41', 'Part time', NULL, '2021-03-31 07:43:30.746261', '2021-03-31 07:43:30.746271'),
(33, 'ATUNDE', 'OLUWAFEMI', 'SAMUEL', 'P/HD/17/3210033', 'HND 3', 'FIRST SEMESTER', '07066291693', 'COM311: A1, COM312: B2, STA314: C2, GNS301: C6, MTH311:B2, STA311:A2, STA321:B1, STA411: C37', '3.41', '3.41', 'Part time', NULL, '2021-03-31 07:43:30.868501', '2021-03-31 07:43:30.868510'),
(34, 'ODOMETA', 'BAYOWA', 'ANUOLU', 'P/HD/17/3210034', 'HND 3', 'FIRST SEMESTER', '08097370591', 'COM311: A1, COM312: B2, STA314: C2, GNS301: C6, MTH311:B2, STA311:A2, STA321:B1, STA411: C38', '3.41', '3.41', 'Part time', NULL, '2021-03-31 07:43:30.990847', '2021-03-31 07:43:30.990856'),
(35, 'SERIKI', 'IDRIS', 'ABIODUN', 'P/HD/17/3210035', 'HND 3', 'FIRST SEMESTER', '07010628292', 'COM311: A1, COM312: B2, STA314: C2, GNS301: C6, MTH311:B2, STA311:A2, STA321:B1, STA411: C39', '3.41', '3.41', 'Part time', NULL, '2021-03-31 07:43:31.090750', '2021-03-31 07:43:31.090758'),
(36, 'FADELE', 'OLUWATOSIN', 'ISRAEL', 'P/HD/17/3210036', 'HND 3', 'FIRST SEMESTER', '08125380996', 'COM311: A1, COM312: B2, STA314: C2, GNS301: C6, MTH311:B2, STA311:A2, STA321:B1, STA411: C40', '3.41', '3.41', 'Part time', NULL, '2021-03-31 07:43:31.235118', '2021-03-31 07:43:31.235127'),
(37, 'ADEWUYI', 'BAAKI', 'ADEWALE', 'P/HD/17/3210037', 'HND 3', 'FIRST SEMESTER', '08079516627', 'COM311: A1, COM312: B2, STA314: C2, GNS301: C6, MTH311:B2, STA311:A2, STA321:B1, STA411: C41', '3.41', '3.41', 'Part time', NULL, '2021-03-31 07:43:31.312822', '2021-03-31 07:43:31.312830'),
(38, 'EKPO', 'CHRISTOPHER', 'NDIFREKE', 'P/HD/17/3210038', 'HND 3', 'FIRST SEMESTER', '07032632026', 'COM311: A1, COM312: B2, STA314: C2, GNS301: C6, MTH311:B2, STA311:A2, STA321:B1, STA411: C42', '3.41', '3.41', 'Part time', NULL, '2021-03-31 07:43:31.435205', '2021-03-31 07:43:31.435215'),
(39, 'IMERHION', 'CONFIDENCE', 'nan', 'P/HD/17/3210039', 'HND 3', 'FIRST SEMESTER', '08166917318', 'COM311: A1, COM312: B2, STA314: C2, GNS301: C6, MTH311:B2, STA311:A2, STA321:B1, STA411: C43', '3.41', '3.41', 'Part time', NULL, '2021-03-31 07:43:31.563173', '2021-03-31 07:43:31.563183'),
(40, 'EZE', 'BLESSING', 'nan', 'P/HD/17/3210040', 'HND 3', 'FIRST SEMESTER', '08033623341', 'COM311: A1, COM312: B2, STA314: C2, GNS301: C6, MTH311:B2, STA311:A2, STA321:B1, STA411: C44', '3.41', '3.41', 'Part time', NULL, '2021-03-31 07:43:31.729733', '2021-03-31 07:43:31.729744'),
(41, 'IGBIGBI', 'DAVID', 'DANIEL', 'P/HD/17/3210041', 'HND 3', 'FIRST SEMESTER', '08037623341', 'COM311: A1, COM312: B2, STA314: C2, GNS301: C6, MTH311:B2, STA311:A2, STA321:B1, STA411: C45', '3.41', '3.41', 'Part time', NULL, '2021-03-31 07:43:31.891973', '2021-03-31 07:43:31.891983'),
(42, 'AKINOLA', 'MUINAT', 'ABENI', 'P/HD/17/3210043', 'HND 3', 'FIRST SEMESTER', '08124224745', 'COM311: A1, COM312: B2, STA314: C2, GNS301: C6, MTH311:B2, STA311:A2, STA321:B1, STA411: C46', '3.41', '3.41', 'Part time', NULL, '2021-03-31 07:43:32.036290', '2021-03-31 07:43:32.036300'),
(43, 'OLADIMEJI', 'MICHAEL', 'AYINDE', 'P/HD/17/3210044', 'HND 3', 'FIRST SEMESTER', '09067382888', 'COM311: A1, COM312: B2, STA314: C2, GNS301: C6, MTH311:B2, STA311:A2, STA321:B1, STA411: C47', '3.41', '3.41', 'Part time', NULL, '2021-03-31 07:43:32.158497', '2021-03-31 07:43:32.158506'),
(44, 'OLUBUNMI', 'RACHEAL', 'ABIODUN', 'P/HD/17/3210045', 'HND 3', 'FIRST SEMESTER', '07037203939', 'COM311: A1, COM312: B2, STA314: C2, GNS301: C6, MTH311:B2, STA311:A2, STA321:B1, STA411: C48', '3.41', '3.41', 'Part time', NULL, '2021-03-31 07:43:32.258743', '2021-03-31 07:43:32.258753'),
(45, 'OKUNGA', 'ABOSEDE', 'OLAYINKA', 'P/HD/17/3210046', 'HND 3', 'FIRST SEMESTER', '08025480393', 'COM311: A1, COM312: B2, STA314: C2, GNS301: C6, MTH311:B2, STA311:A2, STA321:B1, STA411: C49', '3.41', '3.41', 'Part time', NULL, '2021-03-31 07:43:32.358565', '2021-03-31 07:43:32.358575'),
(46, 'AYANSIJI', 'AYOMIDE', 'BENJAMIN', 'P/HD/17/3210047', 'HND 3', 'FIRST SEMESTER', '08133153750', 'COM311: A1, COM312: B2, STA314: C2, GNS301: C6, MTH311:B2, STA311:A2, STA321:B1, STA411: C50', '3.41', '3.41', 'Part time', NULL, '2021-03-31 07:43:32.458646', '2021-03-31 07:43:32.458657'),
(47, 'BASHIRU', 'SUAIB', 'ABIODUN', 'P/HD/17/3210048', 'HND 3', 'FIRST SEMESTER', '08172790181', 'COM311: A1, COM312: B2, STA314: C2, GNS301: C6, MTH311:B2, STA311:A2, STA321:B1, STA411: C51', '3.41', '3.41', 'Part time', NULL, '2021-03-31 07:43:32.558583', '2021-03-31 07:43:32.558593'),
(48, 'GANIYU', 'YUSUF', 'OLAJIDE', 'P/HD/17/3210049', 'HND 3', 'FIRST SEMESTER', '08102122708', 'COM311: A1, COM312: B2, STA314: C2, GNS301: C6, MTH311:B2, STA311:A2, STA321:B1, STA411: C52', '3.41', '3.41', 'Part time', NULL, '2021-03-31 07:43:32.714404', '2021-03-31 07:43:32.714414'),
(49, 'AGEV', 'ISAIAH', 'TERSEER', 'P/HD/17/3210050', 'HND 3', 'FIRST SEMESTER', '08088464448', 'COM311: A1, COM312: B2, STA314: C2, GNS301: C6, MTH311:B2, STA311:A2, STA321:B1, STA411: C53', '3.41', '3.41', 'Part time', NULL, '2021-03-31 07:43:32.870076', '2021-03-31 07:43:32.870086'),
(50, 'LAWAL', 'SAIDAT', 'MOTUNRAYO', 'P/HD/17/3210051', 'HND 3', 'FIRST SEMESTER', '09095972759', 'COM311: A1, COM312: B2, STA314: C2, GNS301: C6, MTH311:B2, STA311:A2, STA321:B1, STA411: C54', '3.41', '3.41', 'Part time', NULL, '2021-03-31 07:43:33.025672', '2021-03-31 07:43:33.025682'),
(51, 'OYEWUMI', 'JOSEPHINE', 'IBIRONKE', 'P/HD/17/3210052', 'HND 3', 'FIRST SEMESTER', '07018025772', 'COM311: A1, COM312: B2, STA314: C2, GNS301: C6, MTH311:B2, STA311:A2, STA321:B1, STA411: C55', '3.41', '3.41', 'Part time', NULL, '2021-03-31 07:43:33.158756', '2021-03-31 07:43:33.158765'),
(52, 'OYOME', 'RICHARD', ' IFEANYI', 'P/HD/17/3210053', 'HND 3', 'FIRST SEMESTER', '08181131113', 'COM311: A1, COM312: B2, STA314: C2, GNS301: C6, MTH311:B2, STA311:A2, STA321:B1, STA411: C56', '3.41', '3.41', 'Part time', NULL, '2021-03-31 07:43:33.280916', '2021-03-31 07:43:33.280925'),
(53, 'NWAFILI', 'CHIJIOKE', 'MARTINS', 'P/HD/17/3210054', 'HND 3', 'FIRST SEMESTER', '08039181420', 'COM311: A1, COM312: B2, STA314: C2, GNS301: C6, MTH311:B2, STA311:A2, STA321:B1, STA411: C57', '3.41', '3.41', 'Part time', NULL, '2021-03-31 07:43:33.381180', '2021-03-31 07:43:33.381189'),
(54, 'ADUMEKWE', 'OLUCHI', 'HENRIETTA', 'P/HD/17/3210055', 'HND 3', 'FIRST SEMESTER', '07064998532', 'COM311: A1, COM312: B2, STA314: C2, GNS301: C6, MTH311:B2, STA311:A2, STA321:B1, STA411: C58', '3.41', '3.41', 'Part time', NULL, '2021-03-31 07:43:33.547610', '2021-03-31 07:43:33.547620'),
(55, 'WILSON', 'INI', 'JIMMY', 'P/HD/17/3210056', 'HND 3', 'FIRST SEMESTER', '08051898180', 'COM311: A1, COM312: B2, STA314: C2, GNS301: C6, MTH311:B2, STA311:A2, STA321:B1, STA411: C59', '3.41', '3.41', 'Part time', NULL, '2021-03-31 07:43:33.670031', '2021-03-31 07:43:33.670040'),
(56, 'OKONKWO', 'NONSO ', 'FRANCIS', 'P/HD/17/3210057', 'HND 3', 'FIRST SEMESTER', '08028266424', 'COM311: A1, COM312: B2, STA314: C2, GNS301: C6, MTH311:B2, STA311:A2, STA321:B1, STA411: C60', '3.41', '3.41', 'Part time', NULL, '2021-03-31 07:43:33.814388', '2021-03-31 07:43:33.814398'),
(57, 'ADESANYA', 'TIMILEYIN', 'nan', 'P/HD/17/3210058', 'HND 3', 'FIRST SEMESTER', '08050292986', 'COM311: A1, COM312: B2, STA314: C2, GNS301: C6, MTH311:B2, STA311:A2, STA321:B1, STA411: C61', '3.41', '3.41', 'Part time', NULL, '2021-03-31 07:43:33.936502', '2021-03-31 07:43:33.936512'),
(58, 'SAKA', 'GANIU', 'LEKAN', 'P/HD/17/3210059', 'HND 3', 'FIRST SEMESTER', '08022839035', 'COM311: A1, COM312: B2, STA314: C2, GNS301: C6, MTH311:B2, STA311:A2, STA321:B1, STA411: C62', '3.41', '3.41', 'Part time', NULL, '2021-03-31 07:43:34.058744', '2021-03-31 07:43:34.058754'),
(59, 'ADEWUMI', 'ADENIKE', 'AFUSAT', 'P/HD/17/3210060', 'HND 3', 'FIRST SEMESTER', '08139351915', 'COM311: A1, COM312: B2, STA314: C2, GNS301: C6, MTH311:B2, STA311:A2, STA321:B1, STA411: C63', '3.41', '3.41', 'Part time', NULL, '2021-03-31 07:43:34.192107', '2021-03-31 07:43:34.192117'),
(60, 'OKEKE', 'NKECHI', 'JANE', 'P/HD/17/3210061', 'HND 3', 'FIRST SEMESTER', '07035840254', 'COM311: A1, COM312: B2, STA314: C2, GNS301: C6, MTH311:B2, STA311:A2, STA321:B1, STA411: C64', '3.41', '3.41', 'Part time', NULL, '2021-03-31 07:43:34.270123', '2021-03-31 07:43:34.270131'),
(61, 'IBRAHIM', 'QUADRI', 'OPEYEMI', 'P/HD/17/3210062', 'HND 3', 'FIRST SEMESTER', '08189706507', 'COM311: A1, COM312: B2, STA314: C2, GNS301: C6, MTH311:B2, STA311:A2, STA321:B1, STA411: C65', '3.41', '3.41', 'Part time', NULL, '2021-03-31 07:43:34.370091', '2021-03-31 07:43:34.370101'),
(62, 'DUROKIFA', 'JOSIAH', 'OLUWASEYI', 'P/HD/17/3210063', 'HND 3', 'FIRST SEMESTER', '08068848171', 'COM311: A1, COM312: B2, STA314: C2, GNS301: C6, MTH311:B2, STA311:A2, STA321:B1, STA411: C66', '3.41', '3.41', 'Part time', NULL, '2021-03-31 07:43:34.470088', '2021-03-31 07:43:34.470098'),
(63, 'EHINMODE', 'BAMIDELE', 'EMMANUEL', 'P/HD/17/3210064', 'HND 3', 'FIRST SEMESTER', '07087174534', 'COM311: A1, COM312: B2, STA314: C2, GNS301: C6, MTH311:B2, STA311:A2, STA321:B1, STA411: C67', '3.41', '3.41', 'Part time', NULL, '2021-03-31 07:43:34.570050', '2021-03-31 07:43:34.570059'),
(64, 'ADETINKAN', 'EMMANUEL', 'AYOOLA', 'P/HD/17/3210065', 'HND 3', 'FIRST SEMESTER', '08075772415', 'COM311: A1, COM312: B2, STA314: C2, GNS301: C6, MTH311:B2, STA311:A2, STA321:B1, STA411: C68', '3.41', '3.41', 'Part time', NULL, '2021-03-31 07:43:34.692436', '2021-03-31 07:43:34.692446'),
(65, 'EZEH', 'CHIKA', 'RACHEAL', 'P/HD/17/3210066', 'HND 3', 'FIRST SEMESTER', '08124759374', 'COM311: A1, COM312: B2, STA314: C2, GNS301: C6, MTH311:B2, STA311:A2, STA321:B1, STA411: C69', '3.41', '3.41', 'Part time', NULL, '2021-03-31 07:43:34.770351', '2021-03-31 07:43:34.770361'),
(66, 'UDEOZOR', 'NKIRUKA', 'CALISTER', 'P/HD/17/3210067', 'HND 3', 'FIRST SEMESTER', '07085723958', 'COM311: A1, COM312: B2, STA314: C2, GNS301: C6, MTH311:B2, STA311:A2, STA321:B1, STA411: C70', '3.41', '3.41', 'Part time', NULL, '2021-03-31 07:43:34.903503', '2021-03-31 07:43:34.903512'),
(67, 'ONYEGBULE', 'ESTHER', 'UGONMA', 'P/HD/17/3210068', 'HND 3', 'FIRST SEMESTER', '08138138928', 'COM311: A1, COM312: B2, STA314: C2, GNS301: C6, MTH311:B2, STA311:A2, STA321:B1, STA411: C71', '3.41', '3.41', 'Part time', NULL, '2021-03-31 07:43:34.992440', '2021-03-31 07:43:34.992445'),
(68, 'ALABI', 'MOJISOLA', 'SARAH', 'P/HD/17/3210069', 'HND 3', 'FIRST SEMESTER', '08099770412', 'COM311: A1, COM312: B2, STA314: C2, GNS301: C6, MTH311:B2, STA311:A2, STA321:B1, STA411: C72', '3.41', '3.41', 'Part time', NULL, '2021-03-31 07:43:35.142026', '2021-03-31 07:43:35.142035'),
(69, 'ISAACS', 'DAMILOLA', 'JOHNSON', 'P/HD/17/3210070', 'HND 3', 'FIRST SEMESTER', '08166812624', 'COM311: A1, COM312: B2, STA314: C2, GNS301: C6, MTH311:B2, STA311:A2, STA321:B1, STA411: C73', '3.41', '3.41', 'Part time', NULL, '2021-03-31 07:43:35.336769', '2021-03-31 07:43:35.336778'),
(70, 'OKON', 'ESTHER', 'ETIM', 'P/HD/17/3210071', 'HND 3', 'FIRST SEMESTER', '07036640026', 'COM311: A1, COM312: B2, STA314: C2, GNS301: C6, MTH311:B2, STA311:A2, STA321:B1, STA411: C74', '3.41', '3.41', 'Part time', NULL, '2021-03-31 07:43:35.441378', '2021-03-31 07:43:35.441387'),
(71, 'SHEDRACH', 'FAVOUR', 'CHINECHEREM', 'P/HD/17/3210072', 'HND 3', 'FIRST SEMESTER', '08135089140', 'COM311: A1, COM312: B2, STA314: C2, GNS301: C6, MTH311:B2, STA311:A2, STA321:B1, STA411: C75', '3.41', '3.41', 'Part time', NULL, '2021-03-31 07:43:35.592277', '2021-03-31 07:43:35.592287'),
(72, 'ADABA', 'OLAMIDE', 'OLUWASEUN', 'P/HD/17/3210073', 'HND 3', 'FIRST SEMESTER', '07065007760', 'COM311: A1, COM312: B2, STA314: C2, GNS301: C6, MTH311:B2, STA311:A2, STA321:B1, STA411: C76', '3.41', '3.41', 'Part time', NULL, '2021-03-31 07:43:35.740494', '2021-03-31 07:43:35.740504'),
(73, 'OFFOGA', 'HANNAH', 'IZAEMO', 'P/HD/17/3210074', 'HND 3', 'FIRST SEMESTER', '08099683457', 'COM311: A1, COM312: B2, STA314: C2, GNS301: C6, MTH311:B2, STA311:A2, STA321:B1, STA411: C77', '3.41', '3.41', 'Part time', NULL, '2021-03-31 07:43:35.871129', '2021-03-31 07:43:35.871139'),
(74, 'OGWOS', 'MARY', 'IJEOMA', 'P/HD/17/3210075', 'HND 3', 'FIRST SEMESTER', '08030948845', 'COM311: A1, COM312: B2, STA314: C2, GNS301: C6, MTH311:B2, STA311:A2, STA321:B1, STA411: C78', '3.41', '3.41', 'Part time', NULL, '2021-03-31 07:43:36.004157', '2021-03-31 07:43:36.004164'),
(75, 'AFOLABI', 'AISHAT', 'TOLULOPE', 'P/HD/17/3210076', 'HND 3', 'FIRST SEMESTER', '08118609823', 'COM311: A1, COM312: B2, STA314: C2, GNS301: C6, MTH311:B2, STA311:A2, STA321:B1, STA411: C79', '3.41', '3.41', 'Part time', NULL, '2021-03-31 07:43:36.128436', '2021-03-31 07:43:36.128446'),
(76, 'SOYINKA', 'LUKMON', 'OLASUNKANMI', 'P/HD/17/3210077', 'HND 3', 'FIRST SEMESTER', '08023011223', 'COM311: A1, COM312: B2, STA314: C2, GNS301: C6, MTH311:B2, STA311:A2, STA321:B1, STA411: C80', '3.41', '3.41', 'Part time', NULL, '2021-03-31 07:43:36.259880', '2021-03-31 07:43:36.259889'),
(77, 'AIYEMO', 'OLUWATIMILEHIN', 'AYOBAMI', 'P/HD/17/3210078', 'HND 3', 'FIRST SEMESTER', '08160313740', 'COM311: A1, COM312: B2, STA314: C2, GNS301: C6, MTH311:B2, STA311:A2, STA321:B1, STA411: C81', '3.41', '3.41', 'Part time', NULL, '2021-03-31 07:43:36.359851', '2021-03-31 07:43:36.359860'),
(78, 'AREMU', 'OLANREWAJU', 'AHMED', 'P/HD/17/3210079', 'HND 3', 'FIRST SEMESTER', '08098705575', 'COM311: A1, COM312: B2, STA314: C2, GNS301: C6, MTH311:B2, STA311:A2, STA321:B1, STA411: C82', '3.41', '3.41', 'Part time', NULL, '2021-03-31 07:43:36.459874', '2021-03-31 07:43:36.459885'),
(79, 'BASHORUN', 'OMOTOLA', 'AFEEZ', 'P/HD/17/3210080', 'HND 3', 'FIRST SEMESTER', '08070708662', 'COM311: A1, COM312: B2, STA314: C2, GNS301: C6, MTH311:B2, STA311:A2, STA321:B1, STA411: C83', '3.41', '3.41', 'Part time', NULL, '2021-03-31 07:43:36.605714', '2021-03-31 07:43:36.605723'),
(80, 'OLUWABUYIDE', 'JETHRO', 'ABUSIOLUWA', 'P/HD/17/3210081', 'HND 3', 'FIRST SEMESTER', '08144423146', 'COM311: A1, COM312: B2, STA314: C2, GNS301: C6, MTH311:B2, STA311:A2, STA321:B1, STA411: C84', '3.41', '3.41', 'Part time', NULL, '2021-03-31 07:43:36.804464', '2021-03-31 07:43:36.804473'),
(81, 'FASAKIN', 'OLUWASEYI', 'MOSES', 'P/HD/17/3210083', 'HND 3', 'FIRST SEMESTER', '08087214263', 'COM311: A1, COM312: B2, STA314: C2, GNS301: C6, MTH311:B2, STA311:A2, STA321:B1, STA411: C85', '3.41', '3.41', 'Part time', NULL, '2021-03-31 07:43:36.904344', '2021-03-31 07:43:36.904353'),
(82, 'AKINYOSOYE', 'MOBIOLA', 'RUTH', 'P/HD/17/3210084', 'HND 3', 'FIRST SEMESTER', '08133153750', 'COM311: A1, COM312: B2, STA314: C2, GNS301: C6, MTH311:B2, STA311:A2, STA321:B1, STA411: C86', '3.41', '3.41', 'Part time', NULL, '2021-03-31 07:43:37.170835', '2021-03-31 07:43:37.170845'),
(83, 'AKPAN', 'MERCY', 'SYLVESTER', 'P/HD/17/3210085', 'HND 3', 'FIRST SEMESTER', '08061688747', 'COM311: A1, COM312: B2, STA314: C2, GNS301: C6, MTH311:B2, STA311:A2, STA321:B1, STA411: C87', '3.41', '3.41', 'Part time', NULL, '2021-03-31 07:43:37.326340', '2021-03-31 07:43:37.326349'),
(84, 'EZIAMAKA', 'SOMTOCHUKWU', 'ADAOBI', 'P/HD/17/3210086', 'HND 3', 'FIRST SEMESTER', '08183248065', 'COM311: A1, COM312: B2, STA314: C2, GNS301: C6, MTH311:B2, STA311:A2, STA321:B1, STA411: C88', '3.41', '3.41', 'Part time', NULL, '2021-03-31 07:43:37.470498', '2021-03-31 07:43:37.470506'),
(85, 'FABIYI', 'OMOTOSHO', 'EMMANUEL', 'P/HD/17/3210087', 'HND 3', 'FIRST SEMESTER', '08036465360', 'COM311: A1, COM312: B2, STA314: C2, GNS301: C6, MTH311:B2, STA311:A2, STA321:B1, STA411: C89', '3.41', '3.41', 'Part time', NULL, '2021-03-31 07:43:37.570622', '2021-03-31 07:43:37.570631'),
(86, 'LAWAL', 'BABATUNDE', 'nan', 'P/HD/17/3210088', 'HND 3', 'FIRST SEMESTER', '09099319027', 'COM311: A1, COM312: B2, STA314: C2, GNS301: C6, MTH311:B2, STA311:A2, STA321:B1, STA411: C90', '3.41', '3.41', 'Part time', NULL, '2021-03-31 07:43:37.736040', '2021-03-31 07:43:37.736049'),
(87, 'UGIAGBE', 'BENJAMIN', 'OSAZE GIDEON', 'P/HD/17/3210089', 'HND 3', 'FIRST SEMESTER', '08098016102', 'COM311: A1, COM312: B2, STA314: C2, GNS301: C6, MTH311:B2, STA311:A2, STA321:B1, STA411: C91', '3.41', '3.41', 'Part time', NULL, '2021-03-31 07:43:37.892877', '2021-03-31 07:43:37.892886'),
(88, 'MIKE-BEN', 'DORCAS', 'ANULIKA', 'P/HD/17/3210090', 'HND 3', 'FIRST SEMESTER', '08134831118', 'COM311: A1, COM312: B2, STA314: C2, GNS301: C6, MTH311:B2, STA311:A2, STA321:B1, STA411: C92', '3.41', '3.41', 'Part time', NULL, '2021-03-31 07:43:37.970549', '2021-03-31 07:43:37.970559'),
(89, 'TORTI', 'OMAKA', 'OGBONNAYA', 'P/HD/17/3210091', 'HND 3', 'FIRST SEMESTER', '08134601617', 'COM311: A1, COM312: B2, STA314: C2, GNS301: C6, MTH311:B2, STA311:A2, STA321:B1, STA411: C93', '3.41', '3.41', 'Part time', NULL, '2021-03-31 07:43:38.070505', '2021-03-31 07:43:38.070513'),
(90, 'AYILARA', 'LATEEF', 'ADEBOLA', 'P/HD/17/3210092', 'HND 3', 'FIRST SEMESTER', '08082446580', 'COM311: A1, COM312: B2, STA314: C2, GNS301: C6, MTH311:B2, STA311:A2, STA321:B1, STA411: C94', '3.41', '3.41', 'Part time', NULL, '2021-03-31 07:43:38.170519', '2021-03-31 07:43:38.170528'),
(91, 'OSADOLOR', 'CHUKWUKA', 'GIFT', 'P/HD/17/3210093', 'HND 3', 'FIRST SEMESTER', '07063139998', 'COM311: A1, COM312: B2, STA314: C2, GNS301: C6, MTH311:B2, STA311:A2, STA321:B1, STA411: C95', '3.41', '3.41', 'Part time', NULL, '2021-03-31 07:43:38.270487', '2021-03-31 07:43:38.270496'),
(92, 'OKELUE', 'DANIEL', 'NNAMDI', 'P/HD/17/3210094', 'HND 3', 'FIRST SEMESTER', '08184356156', 'COM311: A1, COM312: B2, STA314: C2, GNS301: C6, MTH311:B2, STA311:A2, STA321:B1, STA411: C96', '3.41', '3.41', 'Part time', NULL, '2021-03-31 07:43:38.381673', '2021-03-31 07:43:38.381683'),
(93, 'VINCENT', 'SAMUEL', 'IKECHUKWU', 'P/HD/17/3210095', 'HND 3', 'FIRST SEMESTER', '07060811235', 'COM311: A1, COM312: B2, STA314: C2, GNS301: C6, MTH311:B2, STA311:A2, STA321:B1, STA411: C97', '3.41', '3.41', 'Part time', NULL, '2021-03-31 07:43:38.503965', '2021-03-31 07:43:38.503974'),
(94, 'SHONIBARE', 'HABEEB', 'AYOBAMI', 'P/HD/17/3210096', 'HND 3', 'FIRST SEMESTER', '09060345908', 'COM311: A1, COM312: B2, STA314: C2, GNS301: C6, MTH311:B2, STA311:A2, STA321:B1, STA411: C98', '3.41', '3.41', 'Part time', NULL, '2021-03-31 07:43:38.581829', '2021-03-31 07:43:38.581839'),
(95, 'AKINYANJU', 'SERAH', 'OYERONKE', 'P/HD/17/3210097', 'HND 3', 'FIRST SEMESTER', '08081664432', 'COM311: A1, COM312: B2, STA314: C2, GNS301: C6, MTH311:B2, STA311:A2, STA321:B1, STA411: C99', '3.41', '3.41', 'Part time', NULL, '2021-03-31 07:43:38.781554', '2021-03-31 07:43:38.781601'),
(96, 'ONAKOYA', 'ISRAEL', 'OLASUBOMI', 'P/HD/17/3210099', 'HND 3', 'FIRST SEMESTER', '08132450965', 'COM311: A1, COM312: B2, STA314: C2, GNS301: C6, MTH311:B2, STA311:A2, STA321:B1, STA411: C100', '3.41', '3.41', 'Part time', NULL, '2021-03-31 07:43:38.881507', '2021-03-31 07:43:38.881515'),
(97, 'OGUNTOMILOLA', 'FELIX', 'MAYOWA', 'P/HD/17/3210100', 'HND 3', 'FIRST SEMESTER', '07013748013', 'COM311: A1, COM312: B2, STA314: C2, GNS301: C6, MTH311:B2, STA311:A2, STA321:B1, STA411: C101', '3.41', '3.41', 'Part time', NULL, '2021-03-31 07:43:39.014827', '2021-03-31 07:43:39.014836'),
(98, 'QUADRI', 'LATIFAT', 'OLABISOYE', 'P/HD/17/3210101', 'HND 3', 'FIRST SEMESTER', '08087616889', 'COM311: A1, COM312: B2, STA314: C2, GNS301: C6, MTH311:B2, STA311:A2, STA321:B1, STA411: C102', '3.41', '3.41', 'Part time', NULL, '2021-03-31 07:43:39.159254', '2021-03-31 07:43:39.159264'),
(99, 'ABHIELE', 'GABRIEL', 'EPHRAIM', 'P/HD/17/3210102', 'HND 3', 'FIRST SEMESTER', '08084436493', 'COM311: A1, COM312: B2, STA314: C2, GNS301: C6, MTH311:B2, STA311:A2, STA321:B1, STA411: C103', '3.41', '3.41', 'Part time', NULL, '2021-03-31 07:43:39.292521', '2021-03-31 07:43:39.292531'),
(100, 'ODOKWO', 'AFFIONG', 'AGNES', 'P/HD/17/3210103', 'HND 3', 'FIRST SEMESTER', '08023460496', 'COM311: A1, COM312: B2, STA314: C2, GNS301: C6, MTH311:B2, STA311:A2, STA321:B1, STA411: C104', '3.41', '3.41', 'Part time', NULL, '2021-03-31 07:43:39.381365', '2021-03-31 07:43:39.381374'),
(101, 'JAYEOLA', 'ABIODUN', 'VICTOR', 'P/HD/17/3210104', 'HND 3', 'FIRST SEMESTER', '07068469742', 'COM311: A1, COM312: B2, STA314: C2, GNS301: C6, MTH311:B2, STA311:A2, STA321:B1, STA411: C105', '3.41', '3.41', 'Part time', NULL, '2021-03-31 07:43:39.514969', '2021-03-31 07:43:39.514981'),
(102, 'JOLOMI', 'TUOYO', 'FRED', 'P/HD/17/3210105', 'HND 3', 'FIRST SEMESTER', '08069360204', 'COM311: A1, COM312: B2, STA314: C2, GNS301: C6, MTH311:B2, STA311:A2, STA321:B1, STA411: C106', '3.41', '3.41', 'Part time', NULL, '2021-03-31 07:43:39.849286', '2021-03-31 07:43:39.849295'),
(103, 'SAMUEL', 'KIKELOMO', 'ABOSEDE', 'P/HD/17/3210106', 'HND 3', 'FIRST SEMESTER', '08083951719', 'COM311: A1, COM312: B2, STA314: C2, GNS301: C6, MTH311:B2, STA311:A2, STA321:B1, STA411: C107', '3.41', '3.41', 'Part time', NULL, '2021-03-31 07:43:39.950533', '2021-03-31 07:43:39.950543');

--
-- Indexes for dumped tables
--

--
-- Indexes for table `auth_group`
--
ALTER TABLE `auth_group`
  ADD PRIMARY KEY (`id`),
  ADD UNIQUE KEY `name` (`name`);

--
-- Indexes for table `auth_group_permissions`
--
ALTER TABLE `auth_group_permissions`
  ADD PRIMARY KEY (`id`),
  ADD UNIQUE KEY `auth_group_permissions_group_id_permission_id_0cd325b0_uniq` (`group_id`,`permission_id`),
  ADD KEY `auth_group_permissio_permission_id_84c5c92e_fk_auth_perm` (`permission_id`);

--
-- Indexes for table `auth_permission`
--
ALTER TABLE `auth_permission`
  ADD PRIMARY KEY (`id`),
  ADD UNIQUE KEY `auth_permission_content_type_id_codename_01ab375a_uniq` (`content_type_id`,`codename`);

--
-- Indexes for table `auth_user`
--
ALTER TABLE `auth_user`
  ADD PRIMARY KEY (`id`),
  ADD UNIQUE KEY `username` (`username`);

--
-- Indexes for table `auth_user_groups`
--
ALTER TABLE `auth_user_groups`
  ADD PRIMARY KEY (`id`),
  ADD UNIQUE KEY `auth_user_groups_user_id_group_id_94350c0c_uniq` (`user_id`,`group_id`),
  ADD KEY `auth_user_groups_group_id_97559544_fk_auth_group_id` (`group_id`);

--
-- Indexes for table `auth_user_user_permissions`
--
ALTER TABLE `auth_user_user_permissions`
  ADD PRIMARY KEY (`id`),
  ADD UNIQUE KEY `auth_user_user_permissions_user_id_permission_id_14a6b632_uniq` (`user_id`,`permission_id`),
  ADD KEY `auth_user_user_permi_permission_id_1fbb5f2c_fk_auth_perm` (`permission_id`);

--
-- Indexes for table `django_admin_log`
--
ALTER TABLE `django_admin_log`
  ADD PRIMARY KEY (`id`),
  ADD KEY `django_admin_log_content_type_id_c4bce8eb_fk_django_co` (`content_type_id`),
  ADD KEY `django_admin_log_user_id_c564eba6_fk_auth_user_id` (`user_id`);

--
-- Indexes for table `django_content_type`
--
ALTER TABLE `django_content_type`
  ADD PRIMARY KEY (`id`),
  ADD UNIQUE KEY `django_content_type_app_label_model_76bd3d3b_uniq` (`app_label`,`model`);

--
-- Indexes for table `django_migrations`
--
ALTER TABLE `django_migrations`
  ADD PRIMARY KEY (`id`);

--
-- Indexes for table `django_session`
--
ALTER TABLE `django_session`
  ADD PRIMARY KEY (`session_key`),
  ADD KEY `django_session_expire_date_a5c62663` (`expire_date`);

--
-- Indexes for table `file_uploaded`
--
ALTER TABLE `file_uploaded`
  ADD PRIMARY KEY (`id`);

--
-- Indexes for table `result_tbl`
--
ALTER TABLE `result_tbl`
  ADD PRIMARY KEY (`id`);

--
-- AUTO_INCREMENT for dumped tables
--

--
-- AUTO_INCREMENT for table `auth_group`
--
ALTER TABLE `auth_group`
  MODIFY `id` int NOT NULL AUTO_INCREMENT;

--
-- AUTO_INCREMENT for table `auth_group_permissions`
--
ALTER TABLE `auth_group_permissions`
  MODIFY `id` int NOT NULL AUTO_INCREMENT;

--
-- AUTO_INCREMENT for table `auth_permission`
--
ALTER TABLE `auth_permission`
  MODIFY `id` int NOT NULL AUTO_INCREMENT, AUTO_INCREMENT=25;

--
-- AUTO_INCREMENT for table `auth_user`
--
ALTER TABLE `auth_user`
  MODIFY `id` int NOT NULL AUTO_INCREMENT;

--
-- AUTO_INCREMENT for table `auth_user_groups`
--
ALTER TABLE `auth_user_groups`
  MODIFY `id` int NOT NULL AUTO_INCREMENT;

--
-- AUTO_INCREMENT for table `auth_user_user_permissions`
--
ALTER TABLE `auth_user_user_permissions`
  MODIFY `id` int NOT NULL AUTO_INCREMENT;

--
-- AUTO_INCREMENT for table `django_admin_log`
--
ALTER TABLE `django_admin_log`
  MODIFY `id` int NOT NULL AUTO_INCREMENT;

--
-- AUTO_INCREMENT for table `django_content_type`
--
ALTER TABLE `django_content_type`
  MODIFY `id` int NOT NULL AUTO_INCREMENT, AUTO_INCREMENT=7;

--
-- AUTO_INCREMENT for table `django_migrations`
--
ALTER TABLE `django_migrations`
  MODIFY `id` int NOT NULL AUTO_INCREMENT, AUTO_INCREMENT=19;

--
-- AUTO_INCREMENT for table `file_uploaded`
--
ALTER TABLE `file_uploaded`
  MODIFY `id` int NOT NULL AUTO_INCREMENT;

--
-- AUTO_INCREMENT for table `result_tbl`
--
ALTER TABLE `result_tbl`
  MODIFY `id` int NOT NULL AUTO_INCREMENT, AUTO_INCREMENT=104;

--
-- Constraints for dumped tables
--

--
-- Constraints for table `auth_group_permissions`
--
ALTER TABLE `auth_group_permissions`
  ADD CONSTRAINT `auth_group_permissio_permission_id_84c5c92e_fk_auth_perm` FOREIGN KEY (`permission_id`) REFERENCES `auth_permission` (`id`),
  ADD CONSTRAINT `auth_group_permissions_group_id_b120cbf9_fk_auth_group_id` FOREIGN KEY (`group_id`) REFERENCES `auth_group` (`id`);

--
-- Constraints for table `auth_permission`
--
ALTER TABLE `auth_permission`
  ADD CONSTRAINT `auth_permission_content_type_id_2f476e4b_fk_django_co` FOREIGN KEY (`content_type_id`) REFERENCES `django_content_type` (`id`);

--
-- Constraints for table `auth_user_groups`
--
ALTER TABLE `auth_user_groups`
  ADD CONSTRAINT `auth_user_groups_group_id_97559544_fk_auth_group_id` FOREIGN KEY (`group_id`) REFERENCES `auth_group` (`id`),
  ADD CONSTRAINT `auth_user_groups_user_id_6a12ed8b_fk_auth_user_id` FOREIGN KEY (`user_id`) REFERENCES `auth_user` (`id`);

--
-- Constraints for table `auth_user_user_permissions`
--
ALTER TABLE `auth_user_user_permissions`
  ADD CONSTRAINT `auth_user_user_permi_permission_id_1fbb5f2c_fk_auth_perm` FOREIGN KEY (`permission_id`) REFERENCES `auth_permission` (`id`),
  ADD CONSTRAINT `auth_user_user_permissions_user_id_a95ead1b_fk_auth_user_id` FOREIGN KEY (`user_id`) REFERENCES `auth_user` (`id`);

--
-- Constraints for table `django_admin_log`
--
ALTER TABLE `django_admin_log`
  ADD CONSTRAINT `django_admin_log_content_type_id_c4bce8eb_fk_django_co` FOREIGN KEY (`content_type_id`) REFERENCES `django_content_type` (`id`),
  ADD CONSTRAINT `django_admin_log_user_id_c564eba6_fk_auth_user_id` FOREIGN KEY (`user_id`) REFERENCES `auth_user` (`id`);
COMMIT;

/*!40101 SET CHARACTER_SET_CLIENT=@OLD_CHARACTER_SET_CLIENT */;
/*!40101 SET CHARACTER_SET_RESULTS=@OLD_CHARACTER_SET_RESULTS */;
/*!40101 SET COLLATION_CONNECTION=@OLD_COLLATION_CONNECTION */;
