s/n,matric,semester,levelName,courseCode1,courseCode2,courseCode3,courseCode4,courseCode5,courseCode6,courseCode7,courseCode8,courseCode9,courseCode10
1,p/hd/17/3210048,First semester,HND 3,COM425,COM325,COM413,COM321,COM231,COM421,COM123,COM442,COM441,COM223
2,p/hd/17/3210049,First semester,HND 3,COM425,COM325,COM413,COM321,COM231,COM421,COM123,COM442,COM441,COM223
3,p/hd/17/3210050,First semester,HND 3,COM425,COM325,COM413,COM321,COM231,COM421,COM123,COM442,COM441,COM223
4,p/hd/17/3210051,First semester,HND 3,COM425,COM325,COM413,COM321,COM231,COM421,COM123,COM442,COM441,COM223
5,p/hd/17/3210052,First semester,HND 3,COM425,COM325,COM413,COM321,COM231,COM421,COM123,COM442,COM441,COM223
6,p/hd/17/3210053,First semester,HND 3,COM425,COM325,COM413,COM321,COM231,COM421,COM123,COM442,COM441,COM223
7,p/hd/17/3210054,First semester,HND 3,COM425,COM325,COM413,COM321,COM231,COM421,COM123,COM442,COM441,COM223
