{
"media":{
    "facebook": "https://www.facebook.com/yabatechpresige",
    "twitter": "https://www.twitter.com/yabatechpresige",
    "instagram": "https://www.instagram.com/yabatechpresige",
    "youtube": "https://www.youtube.com/yabatechpresige",
    "email": "info@yabatechprestige.org",
    "phone": "+2348033110087, +2348023239531",
    "address": "Yaba College of Technology, Yaba, Lagos, Nigeria"
},
"appinfo":{
    "appname": "YabatechPrestige",
    "displaynamecap": "YABATECHPRESTIGE",
    "displaynamelower": "YabatechPrestige",
    "sloganslide": "Yabatech Prestige Cooperative Bridges The Gap",
    "bg_color": "bg-light",
    "css":{
        "headerbg": "background: #191b1f; box-shadow:2px 0px 0px 2px;",
        "headercolor": "color:#ffffff",
        "sidebarbg": "background: #191b1f;"
    },
    "logo": "logo.png",
    "logoHeight": 40,
    "logoWidth": 40
}

}