,widgetName,widgetTitle,status_id,date_created,time_created,date_modified,Created_By
0,Slider_single_row,widget new updated,1,2021-04-15,17:18:54,2021-05-01,INSTRUCTSME@GMAIL.COM
1,Slider_double_row,widget newupdatedg,1,2021-04-19,11:45:47,2021-05-01,INSTRUCTSME@GMAIL.COM
2,Slider_single_row,Slider_double_row,0,2021-05-01,14:36:15,2021-05-01,INSTRUCTSME@GMAIL.COM
3,Slider_double_row,widget new,0,2021-05-01,14:37:02,2021-05-01,INSTRUCTSME@GMAIL.COM
4,Slider_double_row,widget new24,0,2021-04-19,10:55:15,2021-05-01,INSTRUCTSME@GMAIL.COM
5,Partners,Slider_single_row,1,2021-04-19,15:56:49,2021-04-19,INSTRUCTSME@GMAIL.COM
